{"coupling": -1, "field": 0.4, "number of spins": 10, "T0": 1.8, "T": 2.0, "Length T0": 10000, "Length T": 50000, "frame_step T0": 1000, "frame_step T": 1000, "energy_sample": [-5.173200000000107, -5.199040000000108, -5.202240000000084, -5.240720000000084, -5.231920000000095, -5.226880000000089, -5.198560000000089, -5.183760000000093, -5.211200000000099, -5.186240000000081, -5.178960000000133, -5.106320000000112, -5.073920000000096, -5.022320000000072, -4.990320000000064, -4.948480000000059, -4.923360000000063, -4.888320000000051, -4.87840000000005, -4.875840000000063, -4.844960000000064, -4.842720000000043, -4.889840000000074, -4.886160000000061, -4.86544000000007, -4.8404800000000625, -4.845680000000049, -4.832000000000048, -4.827200000000036, -4.847760000000039, -4.852000000000065, -4.854480000000064, -4.84016000000005, -4.824560000000049, -4.830240000000039, -4.824240000000046, -4.811040000000058, -4.818080000000059, -4.820320000000072, -4.806080000000058, -4.81056000000004, -4.8200000000000305, -4.813120000000033, -4.78784000000006, -4.785840000000049, -4.773680000000045, -4.775840000000056, -4.7542400000000455, -4.743120000000036, -4.7403200000000325, -4.7324000000000375, -4.720800000000047, -4.724960000000028, -4.749360000000037, -4.732960000000008, -4.732560000000035, -4.772400000000021, -4.754560000000032, -4.779040000000042, -4.772560000000048], "std_engy": [2.7318773325316608, 2.7157612336875174, 2.717692216274688, 2.704249596764347, 2.7014553695368955, 2.7175131031146553, 2.7319498396566444, 2.738956053389696, 2.733145177263719, 2.7416204446275456, 2.7455282403210446, 2.7864113224002205, 2.78293798594219, 2.769545417139877, 2.7540229297520753, 2.7878769143561426, 2.7814496778479083, 2.8015780513132014, 2.7693171432683625, 2.794991286998979, 2.7880937212367596, 2.7833273256302498, 2.7541606297382937, 2.784873507791715, 2.793902934319686, 2.7924973356478673, 2.7681779815611063, 2.759083905936906, 2.7549105539018965, 2.7547005249935306, 2.761979000644307, 2.7773901291679857, 2.7636590191989265, 2.7710107914621167, 2.7566671076501783, 2.769003507112301, 2.778869935495318, 2.7766442180445328, 2.79326674300891, 2.8067737767052328, 2.764208473758864, 2.7712553112263, 2.786542636601969, 2.7885214961336366, 2.7453975111811117, 2.7489189252504316, 2.7477045500562514, 2.7595626505662363, 2.7356660369276837, 2.761638335771034, 2.7539364989047432, 2.7457136340121435, 2.760521870661509, 2.777531924280905, 2.7921464213755045, 2.7932597169615794, 2.776980777751181, 2.801093930306545, 2.796628090826498, 2.7699904415719554]}