{"coupling": -1, "field": 0.4, "number of spins": 10, "T0": 1.8, "T": 2.0, "Length T0": 10000, "Length T": 50000, "frame_step T0": 1000, "frame_step T": 1000, "energy_sample": [-5.194240000000092, -5.192240000000104, -5.173760000000094, -5.1862400000000966, -5.2049600000001055, -5.182160000000106, -5.188400000000094, -5.186800000000103, -5.191520000000112, -5.186160000000112, -5.179440000000105, -5.152400000000086, -5.115280000000091, -5.086880000000074, -5.06104000000007, -5.0482400000000744, -5.016080000000081, -4.9921600000000765, -4.974480000000065, -4.966960000000069, -4.940160000000054, -4.914800000000054, -4.920160000000055, -4.906240000000046, -4.897440000000045, -4.8936000000000615, -4.873840000000069, -4.857680000000059, -4.852240000000058, -4.83544000000006, -4.83216000000005, -4.83152000000006, -4.841360000000059, -4.849360000000054, -4.848160000000057, -4.842960000000052, -4.841040000000048, -4.838080000000045, -4.82992000000004, -4.837360000000044, -4.824160000000046, -4.821120000000053, -4.825120000000061, -4.826240000000067, -4.814800000000055, -4.801040000000037, -4.80664000000004, -4.792240000000033, -4.759200000000031, -4.750080000000022, -4.7570400000000195, -4.7482400000000355, -4.754960000000043, -4.7330400000000425, -4.736960000000039, -4.728800000000044, -4.7389600000000405, -4.7567200000000485, -4.756720000000042, -4.740160000000039], "std_engy": [2.6979041536719524, 2.6963686288043265, 2.701196672291749, 2.689155008994439, 2.681845520979825, 2.6937560643829777, 2.6967108558390116, 2.6990045868800996, 2.6887722271699137, 2.698147596852357, 2.713361252468956, 2.717146709325791, 2.7175618707951883, 2.7426359338416857, 2.7653777532915638, 2.7661628481346163, 2.7696233378566633, 2.7518260363620315, 2.748978852155795, 2.7539811833779044, 2.7559628398075207, 2.751675300612256, 2.7568840335422036, 2.751670231404915, 2.7395491319558105, 2.75556873258509, 2.785457171524979, 2.8029243688690233, 2.8071606620212286, 2.795520703983457, 2.8003410032351344, 2.792750345018386, 2.784773123685217, 2.7715114270736216, 2.778635746980898, 2.7819436440014935, 2.774139815942856, 2.768154243101317, 2.7728283022214755, 2.7741687458407562, 2.7890629778474745, 2.7731862443045885, 2.772044910458813, 2.770510325264981, 2.7764561873006692, 2.7797206547422544, 2.778423277760224, 2.778443409969017, 2.788983929677584, 2.790556215810708, 2.789066230551014, 2.7920589002383376, 2.7746544646855913, 2.7744196435290975, 2.7767480905548774, 2.776481687315802, 2.7805701067227924, 2.7904606862666768, 2.777748520222784, 2.79162231944082]}