{"coupling": -1, "field": 0.4, "number of spins": 10, "T0": 1.8, "T": 2.0, "Length T0": 10000, "Length T": 50000, "frame_step T0": 1000, "frame_step T": 1000, "energy_sample": [-5.1794400000000795, -5.192080000000091, -5.180800000000093, -5.204720000000087, -5.198720000000086, -5.158320000000076, -5.197120000000097, -5.210480000000076, -5.205680000000075, -5.225680000000094, -5.197360000000074, -4.979920000000048, -4.888880000000042, -4.840640000000039, -4.822560000000047, -4.80872000000005, -4.760720000000039, -4.784480000000037, -4.787440000000033, -4.77176000000005, -4.771760000000047, -4.781520000000034, -4.788960000000036, -4.7569600000000305, -4.760320000000037, -4.801440000000061, -4.812080000000052, -4.825440000000056, -4.8367200000000725, -4.807680000000034, -4.758480000000031, -4.80464000000003, -4.796000000000025, -4.845440000000045, -4.8252800000000535, -4.815760000000055, -4.845360000000055, -4.823680000000066, -4.812720000000057, -4.7816800000000415, -4.78416000000004, -4.734480000000038, -4.781200000000054, -4.790000000000041, -4.77992000000004, -4.795840000000038, -4.758480000000035, -4.796640000000032, -4.78120000000004, -4.77624000000002, -4.761040000000053, -4.757760000000046, -4.7444800000000535, -4.761920000000051, -4.78272000000004, -4.7643200000000565, -4.754000000000064, -4.759040000000051, -4.74808000000002, -4.7392800000000435], "std_engy": [2.7038389904725673, 2.6742268552985617, 2.6703736367782875, 2.706349888983362, 2.6939217437780987, 2.7345944448126343, 2.698217134628032, 2.673069054401624, 2.67535712337604, 2.6986538380459955, 2.7024716520992516, 2.7593877570214564, 2.799846486077405, 2.7599210840892057, 2.7415154652856453, 2.7585133607796832, 2.7806404085391287, 2.7423346129893935, 2.7456384041602955, 2.7493189160954636, 2.7600062504277596, 2.7532167531090184, 2.757646481766541, 2.756636276043639, 2.8155613112841165, 2.7821139312400773, 2.7687134329142267, 2.758989816291585, 2.773508183077841, 2.7947044597953288, 2.794979085717869, 2.777482757894226, 2.78643284505479, 2.781375056765865, 2.7824595094268756, 2.7816325462576947, 2.7910697716824915, 2.8038971553180474, 2.7839939298784278, 2.7788775391514378, 2.761588871356554, 2.8056961933894184, 2.748119094944752, 2.7875200447708712, 2.7562954837244824, 2.7296268416030802, 2.722881578328435, 2.759824036129861, 2.772972152763152, 2.8281236646228556, 2.7783423328309653, 2.768117010243541, 2.785078370459268, 2.7854403446492526, 2.758287403734595, 2.785518073464928, 2.799096282731259, 2.8117215862173244, 2.8051139573286776, 2.7808763154086145]}