{"coupling": -1, "field": 0.4, "number of spins": 10, "T0": 1.8, "T": 2.0, "Length T0": 10, "Length T": 50, "frame_step T0": 1, "frame_step T": 1, "energy_sample": [-5.203200000000117, -5.2145600000001116, -5.205360000000095, -5.202000000000103, -5.202240000000105, -5.185600000000101, -5.165120000000089, -5.180400000000082, -5.184400000000077, -5.185200000000075, -5.172400000000056, -5.140560000000064, -5.11736000000007, -5.076240000000068, -5.041680000000072, -5.037360000000064, -5.010160000000052, -4.993200000000064, -4.968080000000065, -4.9699200000000605, -4.955600000000064, -4.946640000000068, -4.9548800000000695, -4.962640000000073, -4.964000000000072, -4.939520000000077, -4.911680000000071, -4.91032000000007, -4.903040000000067, -4.892960000000064, -4.879840000000049, -4.882800000000048, -4.882400000000046, -4.883680000000048, -4.884560000000036, -4.892080000000042, -4.865200000000048, -4.868240000000057, -4.856880000000056, -4.854480000000037, -4.850640000000048, -4.840160000000051, -4.8313600000000605, -4.821040000000059, -4.820400000000058, -4.806400000000074, -4.806080000000074, -4.8099200000000675, -4.799920000000064, -4.788240000000055, -4.793920000000052, -4.793920000000064, -4.819120000000073, -4.818560000000048, -4.808800000000048, -4.790960000000051, -4.791360000000058, -4.790640000000058, -4.782880000000054, -4.773920000000051], "std_engy": [2.6915671568809696, 2.6873414383736125, 2.6983675195197625, 2.699059836313459, 2.686355706603278, 2.6976583623579793, 2.6908674039424634, 2.679020686743383, 2.678354091601664, 2.677522167975384, 2.672827386869573, 2.6829451888549487, 2.703103888199694, 2.6980725458000374, 2.727018661028911, 2.7392225594865516, 2.7499514130980023, 2.7678008887923795, 2.7618727547807267, 2.7646784973303795, 2.7542978488175174, 2.7581328304488504, 2.7603500114296966, 2.7626849676357033, 2.7661699152439096, 2.771764450598113, 2.77549411413532, 2.7728955078761737, 2.772367717024554, 2.776552977776642, 2.778643117494594, 2.7775658696058856, 2.775364884118854, 2.7765024144776245, 2.7812661876203255, 2.7634126137078683, 2.779393631711786, 2.7691701468851586, 2.772060003968092, 2.7621397375222645, 2.75959337410417, 2.7557277032391183, 2.7689782502576423, 2.800400921011119, 2.7831665131645456, 2.789619156802621, 2.7907208806328474, 2.7921772138601253, 2.783080306710471, 2.784228026293805, 2.783671502458571, 2.7876920621905055, 2.762680297392447, 2.767151518511403, 2.7692342912798056, 2.790322970267079, 2.7876853033296296, 2.799298553280839, 2.7959218346728605, 2.7894357554171885]}