{"coupling": -1, "field": 0.4, "number of spins": 10, "T0": 1.8, "T": 2.0, "Length T0": 10, "Length T": 50, "frame_step T0": 1, "frame_step T": 1, "energy_sample": [-5.213360000000074, -5.180000000000077, -5.178080000000076, -5.182560000000089, -5.172240000000078, -5.164560000000088, -5.1756800000000895, -5.159040000000099, -5.172480000000111, -5.182640000000103, -5.107520000000097, -5.029440000000063, -4.996000000000078, -4.962880000000062, -4.922320000000055, -4.915680000000057, -4.889920000000058, -4.833440000000036, -4.830640000000033, -4.823840000000036, -4.831920000000046, -4.843520000000038, -4.804000000000062, -4.818800000000059, -4.811520000000046, -4.825280000000071, -4.8284800000000585, -4.830880000000073, -4.802560000000059, -4.830800000000039, -4.801200000000036, -4.7734400000000425, -4.763520000000032, -4.77104000000003, -4.765840000000032, -4.756960000000035, -4.742880000000031, -4.742480000000032, -4.775200000000029, -4.796640000000036, -4.793280000000044, -4.82256000000005, -4.839040000000058, -4.817600000000049, -4.822160000000048, -4.791760000000061, -4.786480000000039, -4.77608000000003, -4.7887200000000405, -4.77640000000003, -4.789280000000025, -4.798160000000019, -4.810000000000028, -4.800400000000015, -4.766800000000014, -4.778240000000031, -4.790160000000044, -4.775520000000034, -4.808400000000043, -4.780560000000031], "std_engy": [2.6779838517809633, 2.6804148932582215, 2.7031299475977795, 2.7028784372218992, 2.6942897732798223, 2.7163431311969393, 2.7253683306299172, 2.717360903229468, 2.7183308572725156, 2.710764215198326, 2.7418459930491244, 2.7584976502437937, 2.7807768698692747, 2.757198234730274, 2.7383874484084134, 2.7519640509280183, 2.7830994221550385, 2.8039803434404598, 2.7888386813151405, 2.782679222332301, 2.787745525258737, 2.7732251999431954, 2.784548796484053, 2.791650150000941, 2.785538958550021, 2.7968669831795814, 2.7901005160386614, 2.751501122224061, 2.7710953513727676, 2.748080668393905, 2.7695484397280987, 2.7577959617057446, 2.7561968742453233, 2.7651418260914267, 2.762998569380799, 2.7723325122358022, 2.792756578293266, 2.8055978773873163, 2.7620791009671404, 2.7513932307832953, 2.7435602493110625, 2.752953876547947, 2.7642076402469975, 2.7645661938178208, 2.749234972569573, 2.767247748648461, 2.7546864085773293, 2.7569381265454562, 2.7430087060744457, 2.7600962012220522, 2.7467648391516173, 2.760984718248229, 2.7463947276383127, 2.771073409348866, 2.7975849870915868, 2.777885257241439, 2.772879942298271, 2.812687101261051, 2.7997359589789146, 2.81795494754629]}