{"coupling": -1, "field": 0.4, "number of spins": 10, "T0": 1.8, "T": 2.0, "Length T0": 10, "Length T": 50, "frame_step T0": 1, "frame_step T": 1, "energy_sample": [-5.213200000000104, -5.21152000000008, -5.195520000000107, -5.185680000000093, -5.208800000000099, -5.17840000000011, -5.210000000000106, -5.201520000000098, -5.198160000000066, -5.173840000000096, -4.9684000000000745, -4.939200000000071, -4.89888000000006, -4.8562400000000485, -4.837280000000049, -4.796800000000036, -4.818560000000041, -4.796880000000053, -4.750480000000038, -4.769680000000039, -4.743280000000038, -4.783680000000056, -4.847520000000049, -4.83080000000005, -4.798960000000046, -4.761600000000033, -4.762320000000053, -4.783520000000052, -4.799680000000046, -4.802720000000045, -4.7680000000000335, -4.765360000000047, -4.758720000000035, -4.798000000000055, -4.75696000000006, -4.761760000000026, -4.749600000000036, -4.727440000000029, -4.746800000000039, -4.7556000000000385, -4.78768000000005, -4.75856000000006, -4.761840000000074, -4.72896000000004, -4.777280000000033, -4.769600000000013, -4.79552000000005, -4.774400000000038, -4.7982400000000585, -4.806640000000043, -4.791680000000038, -4.777120000000053, -4.761120000000032, -4.764480000000057, -4.762480000000036, -4.759120000000048, -4.735120000000028, -4.77984000000004, -4.79128000000005, -4.761680000000034], "std_engy": [2.7015643172058503, 2.7017022947763145, 2.697171097576035, 2.70877443461069, 2.7036306256588127, 2.711524560095223, 2.6930599696257143, 2.7225278124566934, 2.751615637112113, 2.7311572006019027, 2.7727461910532285, 2.8073188917541403, 2.7871617724129947, 2.7749574883950108, 2.762981397259115, 2.7550661988416625, 2.769694482501623, 2.753811588616803, 2.7802927489026104, 2.7666081575821306, 2.7607504127682794, 2.7510212026809255, 2.7312322950640118, 2.7500595193559483, 2.769109408889547, 2.8016561958955672, 2.7908171236395636, 2.7850085115848637, 2.8003428178707317, 2.7836078390463306, 2.770010830303778, 2.757102840011664, 2.7808415923241485, 2.7501381783466887, 2.7418306947001394, 2.724950220169173, 2.7496072155856113, 2.718608292196661, 2.7458976237288075, 2.7405482371233725, 2.7603087178067507, 2.7661169039648663, 2.775680063407821, 2.7858975785910403, 2.724748025340923, 2.763366758141179, 2.761329377238425, 2.8065952041576194, 2.7798814547386423, 2.754502479650336, 2.725558067185544, 2.749554965007931, 2.7702924657155146, 2.759203205564985, 2.8000229016206446, 2.782458054598423, 2.81131687747931, 2.783743086996404, 2.788075314908157, 2.7901891652000033]}