{"coupling": -1, "field": 0.4, "number of spins": 10, "T0": 1.8, "T": 2.0, "Length T0": 10, "Length T": 50, "frame_step T0": 1, "frame_step T": 1, "energy_sample": [-5.158160000000083, -5.205680000000092, -5.194080000000097, -5.211920000000096, -5.176240000000115, -5.154400000000081, -5.1794400000000875, -5.149600000000085, -5.146640000000093, -5.177920000000076, -4.843840000000067, -4.815120000000071, -4.730640000000031, -4.7808000000000375, -4.780160000000037, -4.822800000000044, -4.783120000000057, -4.796720000000057, -4.72776000000002, -4.7481600000000395, -4.75264000000005, -4.780560000000031, -4.823360000000046, -4.825040000000038, -4.78384000000001, -4.792720000000068, -4.85232000000006, -4.79064000000005, -4.787360000000053, -4.751120000000047, -4.834560000000052, -4.837280000000056, -4.757440000000043, -4.744800000000044, -4.743760000000028, -4.728080000000042, -4.752800000000046, -4.786560000000015, -4.821120000000069, -4.785120000000031, -4.76824000000002, -4.791440000000068, -4.8483200000000695, -4.81096000000004, -4.797280000000062, -4.820720000000052, -4.817200000000044, -4.8000000000000265, -4.7640000000000455, -4.790320000000036, -4.741520000000039, -4.748960000000042, -4.762240000000026, -4.794160000000043, -4.762160000000046, -4.794080000000049, -4.7786400000000535, -4.793600000000044, -4.766320000000052, -4.8001600000000435], "std_engy": [2.7050607043835746, 2.7187114112385915, 2.6770425759782097, 2.691245420544241, 2.6856677870503876, 2.7306088405335522, 2.6762408872147017, 2.725691809431015, 2.694308206274861, 2.7090412461976876, 2.7609154377489236, 2.743036891038888, 2.7477738608554536, 2.783037074851822, 2.765962829540557, 2.7570868974335996, 2.786200830090852, 2.764273004173079, 2.7602487899462305, 2.767907623891999, 2.7564029151051166, 2.7560910881900504, 2.75717505980313, 2.7581582620293297, 2.7491836705466013, 2.7985730295277915, 2.7447255996911504, 2.767614205484609, 2.7699357809162515, 2.7872471626319753, 2.749107056191054, 2.7746311829862726, 2.7429117095523576, 2.757997998548888, 2.7987720633163478, 2.7642654564276374, 2.76389510654805, 2.771156322981488, 2.75923502906155, 2.7851783759034143, 2.7890326822037204, 2.832122653841162, 2.7779418960086546, 2.7961587720299583, 2.7721343043943474, 2.7903753657170554, 2.7870486468664226, 2.7644833151966415, 2.772155839775273, 2.757930074820548, 2.7639341688251995, 2.7739046339771254, 2.7479239768232753, 2.766097231552174, 2.7875337010340635, 2.759332700781117, 2.7757218431246993, 2.7566165928543658, 2.784761687757107, 2.7260403471702115]}