{"coupling": -1, "temperature": 2.0, "field": 0.4, "number of spins": 10, "energy_level": [-10.0, -6.800000000000001, -6.8, -6.799999999999999, -6.0, -5.999999999999999, -5.999999999999998, -5.2, -5.199999999999999, -3.600000000000001, -3.6, -3.5999999999999996, -2.8000000000000003, -2.8, -2.7999999999999994, -2.0000000000000004, -2.0, -1.9999999999999998, -1.9999999999999996, -1.2000000000000006, -1.2000000000000002, -1.2, -1.1999999999999997, -0.40000000000000036, -0.40000000000000024, -0.40000000000000013, -0.4, -0.3999999999999999, -0.3999999999999998, -0.3999999999999997, -0.3999999999999996, 0.3999999999999998, 0.3999999999999999, 0.4, 0.40000000000000013, 0.40000000000000024, 0.40000000000000036, 1.1999999999999997, 1.2, 1.2000000000000002, 1.9999999999999996, 1.9999999999999998, 2.0, 2.0000000000000004, 2.7999999999999985, 2.7999999999999994, 2.8, 2.8000000000000003, 2.8000000000000007, 3.599999999999999, 3.5999999999999996, 3.6, 3.6000000000000005, 4.3999999999999995, 4.4, 5.199999999999998, 5.199999999999999, 5.2, 5.999999999999998, 5.999999999999999, 6.0, 6.799999999999999, 6.800000000000001, 7.6, 7.600000000000001, 8.4, 9.200000000000001, 14.000000000000002], "magnetization_level": [-1.0, -0.8, -0.6, -0.4, -0.2, 0.0, 0.2, 0.4, 0.6, 0.8, 1.0], "energy_probs": [0.08097832849347371, 0.08992083405722859, 0.01634924255585973, 0.0980954553351583, 0.19178643789710514, 0.016438837534037583, 0.01095922502269172, 0.014692376443451302, 0.0771349763281193, 0.001650427571939061, 0.0412606892984765, 0.03961026172653743, 0.013275776232008154, 0.09182411893805627, 0.0055315734300033954, 0.004449509467499276, 0.06822581183498899, 0.0044495094674992745, 0.01186535857999806, 0.0004970992318483546, 0.030323053142749665, 0.002485496159241772, 0.01640427465099568, 0.00166607789988435, 0.0043318025396993105, 0.0066643115995374, 0.00433180253969931, 0.0033321557997686995, 0.003998586959722439, 0.003665371379745569, 0.00033321557997686985, 0.0006700832487296632, 0.006700832487296635, 0.003797138409468092, 0.0011168054145494384, 0.000670083248729663, 0.00044672216581977527, 0.0038928086958468786, 0.0032939150503319744, 0.004042532107225605, 0.00140507645611201, 0.00020072520801600138, 0.006322844052504049, 0.00010036260400800065, 6.72750653388997e-05, 0.00033637532669449836, 0.004171054051011775, 0.001076401045422394, 6.727506533889962e-05, 0.00013528747468506564, 0.0018489288206958974, 0.0011273956223755463, 4.5095824895021845e-05, 0.000483658166714339, 0.0008766304271697387, 2.02628602860918e-05, 0.00014184002200264253, 4.052572057218357e-05, 4.0747804319360356e-05, 4.0747804319360336e-05, 6.791300719893387e-05, 6.373283015681131e-05, 2.731407006720482e-05, 5.492750611460826e-05, 6.103056234956469e-06, 4.0910009363741166e-05, 2.74227993600214e-05, 2.4877402314073527e-07], "magnetization_probs": [2.4877402314073527e-07, 2.74227993600214e-05, 0.0010989122490513575, 0.019427559054894333, 0.14667395275704762, 0.39731785263233166, 0.32642888500458034, 0.0962253299257427, 0.012113503548140659, 0.0006727506533889965, 1.3582601439786778e-05]}