{"coupling": -1, "temperature": 1.8, "field": 0.4, "number of spins": 10, "energy_level": [-10.0, -6.800000000000001, -6.8, -6.799999999999999, -6.0, -5.999999999999999, -5.999999999999998, -5.2, -5.199999999999999, -3.600000000000001, -3.6, -3.5999999999999996, -2.8000000000000003, -2.8, -2.7999999999999994, -2.0000000000000004, -2.0, -1.9999999999999998, -1.9999999999999996, -1.2000000000000006, -1.2000000000000002, -1.2, -1.1999999999999997, -0.40000000000000036, -0.40000000000000024, -0.40000000000000013, -0.4, -0.3999999999999999, -0.3999999999999998, -0.3999999999999997, -0.3999999999999996, 0.3999999999999998, 0.3999999999999999, 0.4, 0.40000000000000013, 0.40000000000000024, 0.40000000000000036, 1.1999999999999997, 1.2, 1.2000000000000002, 1.9999999999999996, 1.9999999999999998, 2.0, 2.0000000000000004, 2.7999999999999985, 2.7999999999999994, 2.8, 2.8000000000000003, 2.8000000000000007, 3.599999999999999, 3.5999999999999996, 3.6, 3.6000000000000005, 4.3999999999999995, 4.4, 5.199999999999998, 5.199999999999999, 5.2, 5.999999999999998, 5.999999999999999, 6.0, 6.799999999999999, 6.800000000000001, 7.6, 7.600000000000001, 8.4, 9.200000000000001, 14.000000000000002], "magnetization_level": [-1.0, -0.8, -0.6, -0.4, -0.2, 0.0, 0.2, 0.4, 0.6, 0.8, 1.0], "energy_probs": [0.10699322333076021, 0.09945803670612399, 0.018083279401113445, 0.1084996764066806, 0.20290627193363286, 0.01739196616573996, 0.011594644110493301, 0.014868516828946379, 0.07805971335196842, 0.0015281575024982028, 0.03820393756245504, 0.03667578005995684, 0.011757895452407357, 0.08132544354581747, 0.0048991231051697314, 0.003769465986646674, 0.05779847846191562, 0.003769465986646673, 0.010051909297724457, 0.00040281794424860284, 0.024571894599164743, 0.0020140897212430134, 0.013292992160203881, 0.0012913948297993744, 0.003357626557478373, 0.005165579319197499, 0.003357626557478373, 0.0025827896595987487, 0.0030993475915184984, 0.002841068625558623, 0.00025827896595987483, 0.0004968102231523189, 0.004968102231523188, 0.0028152579311964718, 0.0008280170385871979, 0.0004968102231523187, 0.00033120681543487914, 0.0027607230894253943, 0.0023359964602830256, 0.0028669047467109864, 0.0009531423476751713, 0.00013616319252502448, 0.004289140564538265, 6.808159626251221e-05, 4.3652584336528974e-05, 0.00021826292168264475, 0.0027064602288647925, 0.0006984413493844627, 4.3652584336528927e-05, 8.396754294260096e-05, 0.0011475564202155458, 0.0006997295245216747, 2.798918098086696e-05, 0.0002871378229303773, 0.0005204373040613087, 1.1506696302464439e-05, 8.054687411725103e-05, 2.3013392604928858e-05, 2.2133604014279022e-05, 2.213360401427901e-05, 3.6889340023798335e-05, 3.3113809911537175e-05, 1.4191632819230203e-05, 2.7298189930467948e-05, 3.0331322144964354e-06, 1.9447848914502342e-05, 1.2469579321127677e-05, 8.664294065284295e-08], "magnetization_probs": [8.664294065284295e-08, 1.2469579321127677e-05, 0.0006475618365747023, 0.014623630478990745, 0.13653127387374528, 0.4197957316546093, 0.3321021458767562, 0.08652354072728802, 0.009319655618404298, 0.00043652584336528944, 7.37786800475967e-06]}