{"coupling": 1, "temperature": 1, "field": 0, "number of spins": 10, "energy_level": [-10.0, -6.0, -2.0, 2.0, 6.0, 10.0], "magnetization_level": [-1.0, -0.8, -0.6, -0.4, -0.2, 0.0, 0.2, 0.4, 0.6, 0.8, 1.0], "energy_probs": [0.5274411121272644, 0.43471894251578913, 0.03715672412298767, 0.0006805491413249614, 2.671005496831288e-06, 1.0871371588841325e-09], "magnetization_probs": [0.2637205560636322, 0.04830210472397664, 0.0513984984008923, 0.053691225925037375, 0.055100011487463574, 0.055575206797996456, 0.055100011487463574, 0.05369122592503739, 0.0513984984008923, 0.04830210472397664, 0.2637205560636322]}