{"coupling": -1, "temperature": 0.5, "field": 0.4, "number of spins": 10, "energy_level": [-10.0, -6.800000000000001, -6.8, -6.799999999999999, -6.0, -5.999999999999999, -5.999999999999998, -5.2, -5.199999999999999, -3.600000000000001, -3.6, -3.5999999999999996, -2.8000000000000003, -2.8, -2.7999999999999994, -2.0000000000000004, -2.0, -1.9999999999999998, -1.9999999999999996, -1.2000000000000006, -1.2000000000000002, -1.2, -1.1999999999999997, -0.40000000000000036, -0.40000000000000024, -0.40000000000000013, -0.4, -0.3999999999999999, -0.3999999999999998, -0.3999999999999997, -0.3999999999999996, 0.3999999999999998, 0.3999999999999999, 0.4, 0.40000000000000013, 0.40000000000000024, 0.40000000000000036, 1.1999999999999997, 1.2, 1.2000000000000002, 1.9999999999999996, 1.9999999999999998, 2.0, 2.0000000000000004, 2.7999999999999985, 2.7999999999999994, 2.8, 2.8000000000000003, 2.8000000000000007, 3.599999999999999, 3.5999999999999996, 3.6, 3.6000000000000005, 4.3999999999999995, 4.4, 5.199999999999998, 5.199999999999999, 5.2, 5.999999999999998, 5.999999999999999, 6.0, 6.799999999999999, 6.800000000000001, 7.6, 7.600000000000001, 8.4, 9.200000000000001, 14.000000000000002], "magnetization_level": [-1.0, -0.8, -0.6, -0.4, -0.2, 0.0, 0.2, 0.4, 0.6, 0.8, 1.0], "energy_probs": [0.9723556032059056, 0.008885934885400116, 0.0016156245246182002, 0.009693747147709183, 0.005708306903375743, 0.0004892834488607769, 0.000326188965907184, 0.00013171283284987614, 0.0006914923724618488, 1.3422263397987785e-06, 3.3555658494969415e-05, 3.221343215517059e-05, 3.25188989239301e-06, 2.2492238422384934e-05, 1.3549541218304185e-06, 3.282726230880818e-07, 5.03351355401725e-06, 3.2827262308808137e-07, 8.753936615682166e-07, 1.1046183259075945e-08, 6.738171788036322e-07, 5.523091629537965e-08, 3.6452404754950537e-07, 1.1150929685691432e-08, 2.8992417182797714e-08, 4.4603718742765716e-08, 2.8992417182797707e-08, 2.2301859371382848e-08, 2.6762231245659413e-08, 2.4532045308521122e-08, 2.230185937138283e-09, 1.3508003255666022e-09, 1.3508003255666013e-08, 7.654535178210738e-09, 2.2513338759443354e-09, 1.350800325566601e-09, 9.005335503777338e-10, 2.3635896460621794e-09, 1.9999604697449203e-09, 2.454496940141493e-09, 2.5695412588901696e-10, 3.6707732269859556e-11, 1.1562935665005764e-09, 1.8353866134929752e-11, 3.7055816643823555e-12, 1.8527908321911744e-11, 2.297460631917053e-10, 5.92893066301175e-11, 3.705581664382339e-12, 2.244432105550909e-12, 3.067390544252904e-11, 1.8703600879590874e-11, 7.481440351836344e-13, 2.4167628105927536e-12, 4.380382594199356e-12, 3.0495999767353424e-14, 2.1347199837147357e-13, 6.099199953470663e-14, 1.847110849738344e-14, 1.8471108497383407e-14, 3.078518082897229e-14, 8.701589141287474e-15, 3.72925248912319e-15, 2.258769276830626e-15, 2.509743640922908e-16, 5.06708502161565e-16, 1.0230268222470712e-16, 6.928831406704741e-22], "magnetization_probs": [6.928831406704741e-22, 1.0230268222470712e-16, 5.287175356673804e-12, 1.1155418800876868e-07, 0.0008243101015686884, 0.9788859494448815, 0.020222412458516133, 6.713833450692688e-05, 7.806398924019179e-08, 3.705581664382344e-11, 6.157036165794469e-15]}