{"coupling": 1, "temperature": 2, "field": 0, "number of spins": 10, "energy_level": [-10.0, -6.0, -2.0, 2.0, 6.0, 10.0], "magnetization_level": [-1.0, -0.8, -0.6, -0.4, -0.2, 0.0, 0.2, 0.4, 0.6, 0.8, 1.0], "energy_probs": [0.08716837053521849, 0.5308630252046006, 0.33527432342091074, 0.045374445522132836, 0.0013158778792375927, 3.957437899809174e-06], "magnetization_probs": [0.043584185267609245, 0.05898478057828901, 0.08692430753003172, 0.11228283220057816, 0.13002415651803398, 0.13639947581091935, 0.13002415651803412, 0.11228283220057819, 0.08692430753003173, 0.05898478057828901, 0.043584185267609245]}