{"coupling": -1, "temperature": 5, "field": 0, "number of spins": 4, "energy_level": [-4.0, 0.0, 4.0], "magnetization_level": [-1.0, -0.5, 0.0, 0.5, 1.0], "energy_probs": [0.2565503524598628, 0.6916530246881895, 0.051796622851947874], "magnetization_probs": [0.025898311425973937, 0.23055100822939648, 0.48710136068925924, 0.23055100822939648, 0.025898311425973937]}