{"coupling": 1, "field": 0, "number of spins": 100, "T0": 1.8, "T": 2.0, "Length T0": 100, "Length T": 500, "frame_step T0": 10, "frame_step T": 10, "energy_sample": [-50.0508, -50.0644, -50.08, -50.1044, -50.1236, -50.0784, -50.1404, -50.1844, -50.15, -50.1048, -50.0836, -49.7992, -49.4632, -49.2416, -49.0336, -48.8092, -48.634, -48.4712, -48.3096, -48.202, -48.0992, -48.0136, -47.914, -47.8004, -47.6764, -47.6084, -47.5092, -47.4312, -47.4216, -47.3436, -47.2512, -47.1148, -47.0664, -46.9884, -46.97, -46.844, -46.8288, -46.7892, -46.768, -46.7056, -46.5956, -46.52, -46.4756, -46.4692, -46.4544, -46.4916, -46.4296, -46.3768, -46.3228, -46.2756, -46.2872, -46.3232, -46.332, -46.3088, -46.3224, -46.2816, -46.2512, -46.3452, -46.2972, -46.2868], "std_engy": [8.605336679061512, 8.604129975773125, 8.570834265110964, 8.510810809787795, 8.491167354374719, 8.5581454439614, 8.58870699465272, 8.610203054515802, 8.652392732649263, 8.627688969822366, 8.6308870366841, 8.60909283025797, 8.59226662528575, 8.662611005926713, 8.72167822382803, 8.697930521681547, 8.675462177889733, 8.641965665286515, 8.678257189090505, 8.72087128674633, 8.713194555385586, 8.74234608328914, 8.714344725795536, 8.75516760776204, 8.797959026956349, 8.76074479938762, 8.807855321246587, 8.8141514940462, 8.788256564301925, 8.799791988450595, 8.801050991784539, 8.78774265440239, 8.812831045696718, 8.868047442362949, 8.877651716529684, 8.837265640456934, 8.804424487721985, 8.864195584484511, 8.854500324693543, 8.884037856740193, 8.917603974163058, 8.938098231726949, 8.899854192064167, 8.900912950928207, 8.96240596268659, 8.99643982028472, 9.035808975404402, 8.99611147996742, 8.954898109973337, 8.93823498460415, 8.934467872235034, 8.904355213040823, 8.89540195831539, 8.881657647083383, 8.832760510735044, 8.838863130516042, 8.852620999455093, 8.944944771210187, 8.898790488599639, 8.928569076845363]}