{"coupling": 1, "field": 0, "number of spins": 100, "T0": 1.8, "T": 2.0, "Length T0": 100, "Length T": 500, "frame_step T0": 10, "frame_step T": 10, "energy_sample": [-50.254, -50.228, -50.316, -50.334, -50.2684, -50.3108, -50.354, -50.3228, -50.3828, -50.2572, -50.2176, -49.3228, -48.5964, -48.0536, -47.7672, -47.4172, -47.256, -47.1352, -46.9724, -46.8752, -46.7348, -46.7232, -46.65, -46.6052, -46.5836, -46.5844, -46.4712, -46.3616, -46.3704, -46.3464, -46.29, -46.1764, -46.1816, -46.1816, -46.132, -46.134, -46.242, -46.2148, -46.2152, -46.2612, -46.1272, -46.1724, -46.0732, -46.0384, -46.0324, -46.044, -46.0384, -46.0892, -46.0204, -46.0536, -46.0256, -46.0472, -46.0248, -46.0024, -45.9272, -45.9404, -45.8348, -45.8436, -45.9328, -45.9204], "std_engy": [8.655511769965129, 8.678756592968892, 8.640702749198097, 8.650389817805936, 8.782434824124843, 8.715744567161224, 8.734087473800635, 8.622099521578441, 8.731406768671436, 8.736558141510427, 8.775092605778768, 8.837680700274234, 8.959704629060191, 8.991747718880779, 8.944819962414059, 8.91297616736403, 8.976951821191761, 8.883474599502023, 8.875406370414664, 8.954039588922884, 8.90451958052766, 8.97169893386985, 9.035214441284849, 8.989868350537382, 8.966527256413094, 8.963798114638786, 8.959752818018513, 8.925673388602098, 9.005087664203373, 8.944719505943318, 8.883191993872392, 8.900386679240421, 8.941533506060033, 9.004833226661923, 8.98791277216251, 8.93431832878127, 8.88102674244378, 8.949025698923787, 9.011553082571314, 8.933116732697659, 8.932089350202506, 8.905137744021646, 8.836528829806722, 8.862963693934601, 8.86948421499239, 8.900228311678356, 8.95152084508567, 8.920361167576058, 8.850377610023088, 8.857467303919385, 8.884466480324042, 8.912966518505796, 8.929377635647766, 8.84714610707888, 8.817318195460789, 8.78724347221594, 8.847955072218731, 8.878442376903454, 8.892889528156896, 8.867201578852201]}