{"coupling": 1, "field": 0, "number of spins": 100, "T0": 1.8, "T": 2.0, "Length T0": 100, "Length T": 500, "frame_step T0": 10, "frame_step T": 10, "energy_sample": [-49.4532, -49.3532, -49.572, -49.548, -49.5076, -49.4896, -49.5508, -49.562, -49.6536, -49.484, -49.2684, -47.422, -46.4548, -46.0056, -45.7944, -45.538, -45.6276, -45.5596, -45.382, -45.268, -45.2956, -45.4084, -45.5064, -45.4428, -45.4616, -45.3896, -45.2396, -45.3192, -45.3248, -45.4196, -45.3364, -45.3, -45.2592, -45.3376, -45.338, -45.3896, -45.434, -45.4028, -45.5292, -45.306, -45.394, -45.18, -45.3372, -45.3708, -45.3712, -45.3, -45.1392, -45.1584, -45.122, -45.1604, -45.1796, -45.1792, -45.2136, -45.254, -45.2232, -45.3976, -45.298, -45.3632, -45.2604, -45.402], "std_engy": [8.707250413304962, 8.689536797781638, 8.732240033348509, 8.686754054306057, 8.751362307664008, 8.67153341918229, 8.678975709148972, 8.720375909328677, 8.81063034294382, 8.738474924150168, 8.822650477039137, 8.925128346415967, 8.935925075782558, 8.980866808944278, 8.999873812448664, 8.883476571702994, 8.900096529813581, 8.92661457888714, 8.954757171470462, 8.947590513652024, 9.081487798813624, 8.999844967554012, 9.007883160876576, 9.030256262144619, 9.021115531906457, 8.989160797315888, 9.060209260276684, 8.955027155737945, 8.96759192648709, 8.903703490121384, 8.991086421562148, 8.951938337589128, 8.984520875372787, 8.844773950757359, 9.009514748308925, 8.988626805024289, 8.973184718927758, 9.019010597621026, 8.869134532748818, 9.042033178439638, 8.878781673180855, 9.032364031636392, 8.879588738224385, 8.965049211242372, 9.057759687693355, 8.91073509874453, 9.039370739161123, 9.116606245747219, 9.136843875211927, 9.055157195764199, 9.104490311928313, 9.02502561547628, 9.093072915136874, 8.877673343844432, 8.967038628220429, 8.907093478795368, 8.873330603555761, 8.983055480180173, 8.92781002486106, 8.976636118279806]}