{"coupling": 1, "field": 0, "number of spins": 100, "T0": 1.8, "T": 2.0, "Length T0": 10, "Length T": 50, "frame_step T0": 1, "frame_step T": 1, "energy_sample": [-50.5496, -50.5452, -50.5096, -50.4828, -50.6236, -50.6432, -50.6128, -50.5828, -50.6208, -50.6132, -49.6256, -48.9508, -48.4568, -48.062, -47.8416, -47.5752, -47.3892, -47.3076, -47.1948, -47.008, -46.9392, -46.952, -46.8956, -46.724, -46.5628, -46.5304, -46.496, -46.4956, -46.4916, -46.476, -46.4188, -46.4448, -46.3468, -46.2832, -46.2592, -46.1848, -46.2296, -46.2156, -46.32, -46.2964, -46.1748, -46.1644, -46.21, -46.2076, -46.164, -46.1652, -46.1932, -46.2376, -46.1796, -46.2716, -46.1676, -46.2608, -46.2324, -46.1744, -46.1892, -46.2112, -46.1892, -46.1764, -46.274, -46.2272], "std_engy": [8.62992119546856, 8.634092712034162, 8.706383166389877, 8.664993027117593, 8.750309882512653, 8.632536924913762, 8.630114492867305, 8.698479416541948, 8.7098224643216, 8.64323930942563, 8.747515340941556, 8.657203899643255, 8.78667933635848, 8.731056980686862, 8.789841263640266, 8.907993318362964, 8.849300727176033, 8.891106918714307, 8.89528262395314, 8.86962998100794, 8.840514880933044, 8.922919701532463, 8.977722463966227, 9.099660653013409, 9.092945406192916, 8.984802493099016, 8.934628363843414, 8.959329251679264, 8.97097148808339, 8.883637993525141, 8.938221666528696, 8.838673710461368, 8.93450221109174, 8.955701969136891, 8.911476609405963, 8.925886452336309, 8.897015445642355, 8.908867303984245, 8.926723923142296, 8.874691377169055, 8.902395461896784, 8.897200269747575, 8.931242914622752, 8.926819267801866, 8.833861216931053, 8.864576073338236, 8.930547226234113, 8.980397888735256, 8.948549817707761, 8.938178418447052, 8.952536525477392, 8.852885595104047, 8.87605713366015, 8.78753575469256, 8.806145772129879, 8.807462435911804, 8.807417519341335, 8.804957867020189, 8.848690524592064, 8.841514585182683]}