{"coupling": 1, "field": 0, "number of spins": 100, "T0": 1.8, "T": 2.0, "Length T0": 10, "Length T": 50, "frame_step T0": 1, "frame_step T": 1, "energy_sample": [-50.1656, -50.1592, -50.1536, -50.19, -50.196, -50.1548, -50.1516, -50.1416, -50.2032, -50.2624, -49.9488, -49.6256, -49.2688, -49.0784, -48.8996, -48.6936, -48.5656, -48.4, -48.1976, -48.0432, -47.934, -47.8152, -47.7656, -47.7516, -47.6808, -47.5812, -47.4988, -47.3984, -47.292, -47.2604, -47.1856, -47.1324, -47.0552, -47.0084, -46.9328, -46.8844, -46.8964, -46.8176, -46.822, -46.7504, -46.752, -46.6992, -46.688, -46.6732, -46.6628, -46.5828, -46.5664, -46.4904, -46.504, -46.4492, -46.4968, -46.5312, -46.4936, -46.468, -46.4784, -46.5132, -46.5384, -46.4856, -46.4008, -46.4308], "std_engy": [8.613743474239202, 8.645198399111528, 8.6327056616106, 8.535613627619327, 8.548776754600562, 8.56980962215623, 8.568746550108665, 8.574330845027996, 8.59229362626805, 8.605576461806688, 8.588956779493113, 8.664630669567359, 8.65219894362125, 8.73019206203364, 8.774070881865518, 8.77918669581669, 8.784901629500446, 8.781070549767923, 8.84041595401466, 8.820052934082382, 8.887589324445749, 8.786048540726256, 8.811779425292391, 8.818384060586256, 8.848983634293843, 8.87832228295407, 8.863046798928693, 8.878540276419509, 8.911000841655996, 8.895942436864564, 8.860290776267046, 8.857678603336268, 8.897468907504049, 8.913491428166548, 8.879115055003851, 8.87974305033656, 8.846404187013022, 8.832685335728762, 8.764081012861014, 8.84371527357122, 8.875725097140101, 8.870846597704148, 8.891178549551155, 8.856613447587957, 8.905138750182475, 8.853086702388268, 8.811582777231468, 8.83082713226815, 8.854670180193464, 8.845689309488444, 8.893839989565711, 8.837342731839682, 8.800883991963738, 8.833853972078229, 8.811897266763609, 8.777187804758183, 8.825855507541666, 8.831635898291134, 8.85416056777839, 8.861061525573717]}