{"coupling": 1, "field": 0, "number of spins": 100, "T0": 1.8, "T": 2.0, "Length T0": 10, "Length T": 50, "frame_step T0": 1, "frame_step T": 1, "energy_sample": [-50.376, -50.3528, -50.4, -50.3976, -50.3968, -50.3648, -50.3604, -50.418, -50.3888, -50.378, -50.002, -49.7204, -49.4288, -49.2148, -49.0408, -48.8552, -48.6716, -48.5572, -48.3676, -48.232, -48.0996, -47.9424, -47.7912, -47.6908, -47.6048, -47.5328, -47.4792, -47.4572, -47.392, -47.354, -47.2736, -47.2288, -47.1928, -47.1004, -47.0696, -47.0376, -47.0084, -46.9776, -47.0156, -46.9024, -46.8836, -46.8616, -46.814, -46.7284, -46.698, -46.6288, -46.596, -46.5228, -46.538, -46.6144, -46.6288, -46.5804, -46.6136, -46.6108, -46.5484, -46.5536, -46.5216, -46.4604, -46.4684, -46.4624], "std_engy": [8.769733405298146, 8.762484360043128, 8.729352782423344, 8.703948198375128, 8.714639967319531, 8.759618767960283, 8.752857352887904, 8.759981506829696, 8.766255446883134, 8.737111421974765, 8.720917153602564, 8.706516171236322, 8.727710499323527, 8.706104809844568, 8.709255729395123, 8.793169676515829, 8.771325637553076, 8.780064245778773, 8.810225322884895, 8.784564644875267, 8.822770530848134, 8.780881632273077, 8.815690702378458, 8.773710467071623, 8.808394686888239, 8.844937770273031, 8.83669436837115, 8.849393660584846, 8.839996380090014, 8.854574185131574, 8.831055601681634, 8.917962242575227, 8.904899110040553, 8.923963236141205, 8.963300499258139, 8.959563953675456, 8.96664538386557, 8.941291754550834, 8.983482433889053, 8.957235859348653, 8.93281876229408, 8.900519391586139, 8.92617521674299, 8.878233689197433, 8.797044731044696, 8.83347103691421, 8.83846049943073, 8.836214130497453, 8.845256129700031, 8.877483463234318, 8.871246279976802, 8.913222528356409, 8.895003937042535, 8.867994325663679, 8.89656436159427, 8.84085556040778, 8.864487206827215, 8.861017539763687, 8.819149700509751, 8.857120651769321]}