{"coupling": 1, "field": 0, "number of spins": 100, "T0": 1.8, "T": 2.0, "Length T0": 10, "Length T": 50, "frame_step T0": 1, "frame_step T": 1, "energy_sample": [-50.3856, -50.3928, -50.3408, -50.2736, -50.4256, -50.422, -50.5608, -50.4844, -50.4868, -50.396, -48.3328, -47.4176, -46.992, -46.7808, -46.5716, -46.4008, -46.2232, -46.3544, -46.188, -46.2348, -46.0832, -46.1224, -46.236, -46.198, -46.136, -46.1804, -46.2364, -46.1976, -46.2592, -46.21, -46.1816, -46.272, -46.4032, -46.1588, -46.0972, -46.1328, -46.2188, -46.3684, -46.2084, -46.2608, -46.2416, -46.2196, -46.1284, -46.0872, -46.2116, -46.2236, -46.272, -46.3824, -46.2, -46.1072, -45.9724, -46.0884, -46.1144, -46.2556, -46.1872, -46.2376, -46.3188, -46.3012, -46.336, -46.3096], "std_engy": [8.668570391939094, 8.658089174870172, 8.597060855897265, 8.602810182725554, 8.580609805835442, 8.612799544863528, 8.519665683581723, 8.581780505232867, 8.663107165445751, 8.652767418577804, 8.997313163384137, 8.761187718569193, 8.797723341865131, 8.893770368072005, 8.876197014487632, 8.849460964375261, 8.886921950822002, 8.851621356565287, 8.813436106309581, 8.77063674769402, 8.84349918075399, 8.935917313851832, 8.87415934046708, 8.940827478483213, 8.89893836364747, 8.832092381763294, 8.812270708506299, 8.976021069494031, 8.932100277089889, 8.88382237553181, 8.957087776727114, 8.861761450186021, 8.76505731641221, 8.858012336861952, 8.892972065625784, 9.022902202728408, 8.958399776745857, 8.93650275219566, 8.812614222805815, 8.825371570647938, 8.781755487372637, 8.825586430374063, 8.932788670958193, 8.768055437781042, 8.917579572955695, 8.874480437749545, 8.856704579018277, 8.879153689400837, 8.989149014228099, 8.858425828554527, 8.859934437680893, 8.790641924228343, 9.007891686737674, 8.874517938457352, 8.816720260958968, 8.906331806080429, 8.881664627759701, 8.864247207744018, 8.96262818597312, 8.965542250193193]}