{"coupling": 1, "field": 0, "number of spins": 100, "T0": 1.8, "T": 2.0, "Length T0": 10, "Length T": 50, "frame_step T0": 1, "frame_step T": 1, "energy_sample": [-50.5052, -50.576, -50.5288, -50.5744, -50.6116, -50.6428, -50.5328, -50.5496, -50.4956, -50.4804, -49.4784, -48.8028, -48.314, -47.9444, -47.6688, -47.408, -47.256, -47.13, -47.0216, -46.8804, -46.8184, -46.7748, -46.7576, -46.6964, -46.6088, -46.6132, -46.4764, -46.4892, -46.4996, -46.4536, -46.4704, -46.4204, -46.4364, -46.4716, -46.472, -46.374, -46.3784, -46.31, -46.3808, -46.3916, -46.3224, -46.236, -46.2164, -46.1988, -46.14, -46.166, -46.1632, -46.1712, -46.1596, -46.234, -46.286, -46.2812, -46.2468, -46.1836, -46.2264, -46.2552, -46.22, -46.1056, -46.2008, -46.1956], "std_engy": [8.616865611113521, 8.497589305208406, 8.573748920980115, 8.658294557244005, 8.6742115169046, 8.65921521617281, 8.59884435025971, 8.576359358142424, 8.527085119781313, 8.522512296265342, 8.688563370316396, 8.745851139826486, 8.869306850030537, 8.876131400559428, 8.902084394118576, 8.81716144799453, 8.88522729028346, 8.775779167686396, 8.727309633558704, 8.90173555212687, 8.98027958584807, 8.931633946821218, 8.885518681540294, 8.961508078443611, 8.919044935418022, 8.928246510933759, 8.868655086313384, 8.844471909617123, 8.86304687113882, 8.730031330986133, 8.768096933770513, 8.860116468760516, 8.869811443317273, 8.885133282061698, 8.898427726289482, 8.910270702958472, 8.886889975688542, 8.939435105195345, 8.884086411105743, 8.933725395376959, 8.899711132390783, 8.861529439097932, 8.861307524287902, 8.8711035705824, 8.902112108932313, 8.906157645135256, 8.894884246576757, 8.872039819568101, 8.80764031054899, 8.83355217338981, 8.938803275606894, 8.968083773025228, 8.985137158663745, 8.868184201965843, 8.895119057100397, 8.858288376429831, 8.897078172073874, 8.953482486719851, 8.99233447776491, 8.94839318760638]}