{"coupling": 1, "field": 0, "number of spins": 100, "T0": 1.8, "T": 2.0, "Length T0": 10, "Length T": 50, "frame_step T0": 1, "frame_step T": 1, "energy_sample": [-50.4092, -50.3204, -50.4352, -50.3196, -50.4592, -50.4104, -50.5144, -50.5712, -50.5616, -50.6484, -48.4716, -47.4404, -46.996, -46.7108, -46.484, -46.406, -46.4128, -46.404, -46.2736, -46.2712, -46.3072, -46.2552, -46.3244, -46.3928, -46.2028, -46.1836, -46.3112, -46.2976, -46.2644, -46.112, -46.2208, -46.1896, -46.1564, -46.0812, -46.2828, -46.1488, -46.1216, -46.2532, -46.2296, -46.1352, -46.296, -46.2568, -46.2096, -46.2944, -46.4152, -46.2352, -46.1612, -46.1716, -46.1516, -46.1312, -46.2428, -46.2636, -46.2644, -46.2024, -46.2292, -46.2288, -46.2144, -46.162, -46.3548, -46.3436], "std_engy": [8.597055039954107, 8.621632318766734, 8.772103565280108, 8.704220576249238, 8.65519123763313, 8.69084413851729, 8.639501874528822, 8.601030784737496, 8.514540823790917, 8.602626194366378, 8.863046510089037, 8.964755871745671, 8.931561117744604, 8.938029053431999, 8.87221190008436, 8.983627552386634, 8.920223997187813, 8.965533112983186, 8.928266519319953, 8.84733013739158, 8.907975536562828, 8.870021023649944, 8.85186786164365, 8.818849593909885, 8.797844745163395, 8.892327650283493, 8.85649787218408, 8.840329984791358, 8.825083152015651, 8.899272779277972, 8.814127714073638, 8.907482912697741, 8.9057924431235, 8.792713264971692, 8.7628319714575, 8.89333787506144, 8.871956573383558, 8.845693288826842, 8.928072795402052, 8.972542613997444, 8.96939150667416, 8.899868187787881, 8.9188826564767, 8.781783909890088, 8.797841153373804, 8.94439941863066, 9.003089167613442, 8.836433298565574, 8.938513156000793, 8.94295178115157, 8.910322562062301, 9.025880291694667, 8.880928591087176, 8.77582100090913, 8.79937880534751, 8.868756990695001, 8.88803873978948, 8.844215962989761, 8.752720546207634, 8.896220491872008]}