{"coupling": 1, "field": 0, "number of spins": 100, "T0": 1.8, "T": 2.0, "Length T0": 10, "Length T": 50, "frame_step T0": 1, "frame_step T": 1, "energy_sample": [-50.3324, -50.3528, -50.604, -50.628, -50.4752, -50.4476, -50.3504, -50.516, -50.4688, -50.706, -47.1212, -46.4392, -46.414, -46.1992, -46.1492, -46.0932, -46.2196, -46.3248, -46.0844, -46.314, -46.304, -46.1732, -46.23, -46.2624, -46.3868, -46.2112, -46.3232, -46.3048, -46.234, -46.1504, -46.3288, -46.3708, -46.2556, -46.2768, -46.2864, -46.314, -46.1732, -46.2524, -46.2508, -46.184, -46.1608, -46.2644, -46.198, -46.26, -46.2512, -46.212, -46.2192, -46.0976, -46.1724, -46.094, -46.2524, -46.1532, -46.1052, -46.1344, -46.298, -46.1412, -46.0768, -46.4656, -46.1988, -46.1616], "std_engy": [8.546432603139225, 8.619996064964273, 8.682487201257533, 8.603953509869623, 8.663751206030792, 8.679058372888587, 8.734415827060097, 8.696996263078484, 8.62671586178658, 8.569945390724305, 8.850068392955919, 8.823735227215204, 8.924651477788977, 8.797381392209854, 8.920814949318974, 8.918885230789922, 8.749112860170591, 8.892609569749315, 8.967099678268255, 8.852062132633252, 8.931046075348652, 8.860632130948519, 8.914432118761201, 8.930394517601256, 8.819477635325082, 8.697413095857716, 8.877541425417693, 8.891518259555015, 8.811426899203115, 8.88575150676623, 8.876975304685807, 8.743826814387424, 8.89216895026187, 8.837566506680387, 8.837260607224488, 8.8002161337094, 8.894335374832485, 8.879836385880099, 8.950592123429505, 8.877552815951104, 8.888269986898422, 8.877865319996136, 8.820475950877034, 8.946217077625382, 8.89697131387943, 8.931912225273615, 8.874590208004085, 8.865397579352983, 8.895070446039146, 8.893546199351457, 8.875871463692986, 8.849617492298568, 8.890721734482568, 8.908845976893122, 8.883107339214401, 8.90496841993264, 8.842109576339539, 8.986791231579728, 8.878134858178234, 8.912703598796382]}