{"coupling": 1, "temperature": 0.5, "field": 0, "number of spins": 3, "energy_level": [-3.0, 1.0], "magnetization_level": [-1.0, -0.3333333333333333, 0.3333333333333333, 1.0], "energy_probs": [0.9989946239146034, 0.001005376085396623], "magnetization_probs": [0.4994973119573017, 0.0005026880426983115, 0.0005026880426983115, 0.4994973119573017]}