{"coupling": 1, "field": 0, "number of spins": 10, "T0": 1.8, "T": 2.0, "Length T0": 10000, "Length T": 50000, "frame_step T0": 1000, "frame_step T": 1000, "energy_sample": [-5.0312, -5.0756, -5.0384, -5.0244, -5.0336, -5.0056, -5.0172, -5.0344, -5.0472, -5.0616, -5.02, -4.8444, -4.756, -4.7016, -4.6948, -4.638, -4.6344, -4.6488, -4.6396, -4.6408, -4.6632, -4.5888, -4.65, -4.6416, -4.6268, -4.6464, -4.6608, -4.634, -4.6544, -4.5904, -4.6172, -4.6016, -4.6, -4.6348, -4.6516, -4.6328, -4.6612, -4.622, -4.6396, -4.6388, -4.6128, -4.6312, -4.6564, -4.6668, -4.646, -4.6528, -4.6504, -4.6872, -4.6968, -4.65, -4.604, -4.602, -4.6068, -4.6288, -4.6216, -4.6204, -4.636, -4.6032, -4.5952, -4.6328], "std_engy": [2.7774496503086117, 2.7366922808382146, 2.73878174376864, 2.747545202540005, 2.741764220351669, 2.773007147484416, 2.790072429167384, 2.7779878761435453, 2.765098942171703, 2.7872935690381464, 2.8147468802718856, 2.837003461400937, 2.8774405293592453, 2.8319176259205507, 2.8160349713737993, 2.8260495395517853, 2.8029870923713713, 2.783641241252145, 2.7983766436988824, 2.8129300311241314, 2.802028864947572, 2.829931900240593, 2.7936893170143207, 2.8059132987318045, 2.8544564736566906, 2.841085539015053, 2.8117153767763647, 2.822418112186754, 2.8319181909088083, 2.8256375988436817, 2.796545039866251, 2.822140577646718, 2.807133769523685, 2.823938554572423, 2.8104479073627218, 2.798779048085122, 2.7933518503762675, 2.835827216175141, 2.8222884048231975, 2.850111324141545, 2.8625296784487717, 2.8371793316601566, 2.8047707642513395, 2.8188255994294744, 2.8213975260497324, 2.8044700319312237, 2.789584169728523, 2.7990991693758116, 2.8212177796122395, 2.8799826388365464, 2.8170878580546885, 2.80385377650112, 2.8278249167866343, 2.8184766381859023, 2.845490017554119, 2.833920224706536, 2.8191317812403605, 2.8387584891990256, 2.85056783115238, 2.8452704897777705]}