{"coupling": 1, "field": 0, "number of spins": 10, "T0": 1.8, "T": 2.0, "Length T0": 10000, "Length T": 50000, "frame_step T0": 1000, "frame_step T": 1000, "energy_sample": [-5.0068, -5.0356, -5.0584, -5.0828, -5.0768, -5.0524, -5.0392, -5.0468, -5.04, -5.0428, -5.0264, -4.938, -4.8816, -4.8256, -4.7872, -4.766, -4.7248, -4.6864, -4.696, -4.6968, -4.6536, -4.688, -4.73, -4.742, -4.718, -4.6948, -4.6888, -4.686, -4.6916, -4.6912, -4.6948, -4.6932, -4.7052, -4.6816, -4.7028, -4.6824, -4.6888, -4.6848, -4.6768, -4.6804, -4.6692, -4.6644, -4.6716, -4.6644, -4.6496, -4.6504, -4.6496, -4.648, -4.6464, -4.6544, -4.6412, -4.6332, -4.6124, -4.5956, -4.6052, -4.6348, -4.6504, -4.6536, -4.6304, -4.6052], "std_engy": [2.7667948532552975, 2.740425631174869, 2.7346278430530893, 2.7350217841913107, 2.7209744136982708, 2.741615261118911, 2.7373095111806105, 2.7273814841343036, 2.773589731737666, 2.776574897242981, 2.79129056889463, 2.815414001528243, 2.835274491120892, 2.8481546025452453, 2.863479729280311, 2.8502006946881075, 2.8575977603576246, 2.865389160306182, 2.8630724755061276, 2.850556044002689, 2.874161971775449, 2.8588557151420457, 2.8416720430055222, 2.8721831417927883, 2.8838300920823348, 2.8695039571326943, 2.8748486151449195, 2.866601472126826, 2.851261026282906, 2.842365662612742, 2.818306754063548, 2.840189035962144, 2.8304580830671395, 2.829456032526467, 2.815754279052169, 2.8173622841232127, 2.8180763935707023, 2.8252874119282536, 2.82154953172888, 2.817278090639928, 2.8102973792821055, 2.815416956686877, 2.797168825794958, 2.8193922465666197, 2.8307631197258227, 2.850294693536096, 2.838665151087724, 2.844098451179179, 2.8455872926340504, 2.8234306508218356, 2.819088959220881, 2.814082045712016, 2.818681649282083, 2.8092099672327313, 2.8202363305227918, 2.8000408854158834, 2.8095871298110717, 2.8173759138602987, 2.815847268585372, 2.8523907446211965]}