{"coupling": 1, "field": 0, "number of spins": 10, "T0": 1.8, "T": 2.0, "Length T0": 10000, "Length T": 50000, "frame_step T0": 1000, "frame_step T": 1000, "energy_sample": [-5.0532, -5.0444, -5.0568, -5.0704, -5.0864, -5.088, -5.0732, -5.068, -5.0736, -5.0736, -5.0864, -5.058, -5.0344, -4.9952, -4.966, -4.9304, -4.9076, -4.8992, -4.892, -4.888, -4.876, -4.8584, -4.8596, -4.8384, -4.8336, -4.798, -4.7896, -4.7872, -4.7656, -4.7568, -4.7428, -4.7452, -4.7716, -4.7708, -4.76, -4.742, -4.7384, -4.7292, -4.7196, -4.7264, -4.7124, -4.7028, -4.7136, -4.698, -4.7048, -4.6964, -4.7116, -4.6932, -4.6904, -4.676, -4.676, -4.6792, -4.6712, -4.6536, -4.6464, -4.6544, -4.6508, -4.6484, -4.6572, -4.6672], "std_engy": [2.770337481246613, 2.796645962577417, 2.7994238264328835, 2.7885200088935633, 2.774262972394554, 2.764969439252439, 2.7655454724160045, 2.766979580698053, 2.7619165519616033, 2.769437314690378, 2.7644411804195563, 2.802398258634934, 2.8151761294811704, 2.818506157523778, 2.8405006600948957, 2.8512375979562385, 2.8596961796668467, 2.8651421186390014, 2.8584499295947365, 2.8490447521932123, 2.838701111424162, 2.8378776294970214, 2.8414587521200962, 2.8393459528559175, 2.8311677873273466, 2.8419704431959514, 2.82569139150065, 2.8291900183620133, 2.8181299899046452, 2.822774124863653, 2.8219582137233727, 2.8343388929343845, 2.847004292234197, 2.855637820172492, 2.8652399550473517, 2.8783043619462263, 2.875893850613967, 2.86821675610484, 2.851626876013135, 2.8324447108459245, 2.8201571303741177, 2.8242648884268235, 2.82665438991051, 2.8333718428757453, 2.841277346546799, 2.8517761202451384, 2.850267608488789, 2.8424415139101007, 2.8577172428354918, 2.8667444950676506, 2.8611578076017854, 2.8452569936650347, 2.8589317165681787, 2.8669159457507916, 2.8629647290877362, 2.852746157652337, 2.8282254789884984, 2.829342227444332, 2.821646356296233, 2.812480072818312]}