{"coupling": 1, "field": 0, "number of spins": 10, "T0": 1.8, "T": 2.0, "Length T0": 10, "Length T": 50, "frame_step T0": 1, "frame_step T": 1, "energy_sample": [-4.9592, -4.98, -4.9864, -5.0064, -5.0408, -5.0504, -5.044, -5.0484, -5.0656, -5.0588, -4.9488, -4.8612, -4.7924, -4.7528, -4.72, -4.716, -4.7024, -4.6892, -4.718, -4.6956, -4.696, -4.6436, -4.642, -4.6132, -4.6496, -4.704, -4.6992, -4.6736, -4.6772, -4.6624, -4.662, -4.6784, -4.698, -4.6696, -4.652, -4.6208, -4.6352, -4.6368, -4.6704, -4.642, -4.6424, -4.656, -4.6748, -4.6592, -4.6184, -4.6376, -4.6708, -4.6332, -4.6324, -4.6512, -4.6408, -4.644, -4.6292, -4.6376, -4.662, -4.6448, -4.6456, -4.6364, -4.6224, -4.6272], "std_engy": [2.807122255976801, 2.775824201926259, 2.783346015140927, 2.768096645711658, 2.7761727900112994, 2.788666319228547, 2.7790041381759982, 2.7756183887559485, 2.760379799955052, 2.7693577883688603, 2.7918056092788692, 2.8018448493805552, 2.836212657753191, 2.8509107597398144, 2.8616079396032577, 2.828311156856661, 2.8401820786700953, 2.832702483495207, 2.825539948399163, 2.8356552399756483, 2.8327343680621806, 2.8162704131527687, 2.7857918084450666, 2.8343580860575153, 2.8239723511394077, 2.79835380179134, 2.818354016088194, 2.818911676516393, 2.8401056600063534, 2.834012392351211, 2.8261910763430436, 2.82796277203218, 2.857550699462939, 2.8654556077524247, 2.8493676491462145, 2.8568877051785786, 2.8396691638288885, 2.8516812164055763, 2.8574400851109996, 2.8521984503185296, 2.8481787584350062, 2.851256565095497, 2.8174891233151635, 2.852762759151147, 2.848434910613187, 2.8425105523107974, 2.825248194406997, 2.8367336427656964, 2.847045879503865, 2.8162277180656337, 2.8174767718652105, 2.826953130138646, 2.8257578381737627, 2.8351836342639714, 2.823358992406224, 2.835248306586164, 2.8067063686818514, 2.8031045360458213, 2.7919559881916856, 2.8034657408286447]}