{"coupling": 1, "field": 0, "number of spins": 10, "T0": 1.8, "T": 2.0, "Length T0": 10, "Length T": 50, "frame_step T0": 1, "frame_step T": 1, "energy_sample": [-5.0588, -5.0456, -5.038, -5.0356, -5.04, -5.0552, -5.0548, -5.0624, -5.0276, -5.0304, -4.9808, -4.9548, -4.9408, -4.946, -4.916, -4.8872, -4.8692, -4.8552, -4.8196, -4.7948, -4.7884, -4.7844, -4.7908, -4.7692, -4.7832, -4.7792, -4.7808, -4.7528, -4.7524, -4.762, -4.7692, -4.7584, -4.7416, -4.7348, -4.718, -4.684, -4.6696, -4.6912, -4.702, -4.6872, -4.69, -4.688, -4.6744, -4.666, -4.6464, -4.6508, -4.6356, -4.644, -4.6204, -4.632, -4.6304, -4.6288, -4.6372, -4.6612, -4.6588, -4.6456, -4.6384, -4.652, -4.6344, -4.6336], "std_engy": [2.7490621237068047, 2.755271427645629, 2.741269049181272, 2.7636809946157204, 2.768393035679846, 2.7736173059741547, 2.770306293534871, 2.7540708487617658, 2.7764794686798373, 2.7656239512992244, 2.7887687892689055, 2.818289722509028, 2.8144795895510395, 2.781849025378615, 2.7958798257435205, 2.8045812806907007, 2.811350451295566, 2.831507188759868, 2.8459542933785986, 2.859701550861445, 2.8345062074372875, 2.8243081701541954, 2.817416433543303, 2.8182851807437435, 2.814995161629988, 2.8144000000000626, 2.7893998207498294, 2.824410055215108, 2.827347562646058, 2.7957389005412887, 2.809186957110505, 2.822911518273334, 2.8143257522894114, 2.8246183742235025, 2.834585684010904, 2.8294423478839494, 2.8317549046482946, 2.833344765467132, 2.8453463761024493, 2.8382664004635494, 2.8257211468932955, 2.8205417919258133, 2.8277879411299356, 2.843878337763459, 2.853448271828372, 2.83500605995821, 2.8423955811957256, 2.834301324841913, 2.8271370394801805, 2.8307907022595624, 2.822657584617681, 2.8264130200662017, 2.830755404481301, 2.829207408445075, 2.8308978363763653, 2.825455828711408, 2.8265253297998982, 2.8251187585659183, 2.8347727669075145, 2.845092448410032]}