{"coupling": 1, "field": 0, "number of spins": 10, "T0": 1.8, "T": 2.0, "Length T0": 10, "Length T": 50, "frame_step T0": 1, "frame_step T": 1, "energy_sample": [-5.0656, -5.0516, -5.0544, -5.1004, -5.0884, -5.0984, -5.1248, -5.1204, -5.1036, -5.0588, -4.8432, -4.712, -4.6796, -4.6672, -4.6432, -4.6088, -4.6428, -4.668, -4.6424, -4.6328, -4.6276, -4.6416, -4.6508, -4.6736, -4.6252, -4.632, -4.6776, -4.6628, -4.6388, -4.6344, -4.6516, -4.6372, -4.6428, -4.644, -4.6492, -4.6676, -4.6212, -4.6396, -4.6792, -4.6528, -4.6528, -4.6124, -4.6132, -4.6, -4.6088, -4.6056, -4.6028, -4.6108, -4.5892, -4.6056, -4.6344, -4.646, -4.6248, -4.6372, -4.6456, -4.6524, -4.6416, -4.642, -4.6712, -4.6908], "std_engy": [2.749344765575958, 2.7547300121791283, 2.7911719115814004, 2.746109946815649, 2.788437813543524, 2.751566361184068, 2.7180185724163604, 2.770542156329797, 2.7691997111078877, 2.7589386655015145, 2.8379241991285182, 2.8434232889248343, 2.8327625809446064, 2.858188965061661, 2.8502445088098427, 2.8403807068770304, 2.8604209760105195, 2.8105828577005, 2.8453685596070595, 2.8317422481575303, 2.835157533541939, 2.817294702369635, 2.802652201040967, 2.809245991365016, 2.810182371306219, 2.782907831747081, 2.79686578869985, 2.7981236856149954, 2.7934091286454645, 2.799560079726907, 2.800753013030504, 2.8222643674893524, 2.828357855717869, 2.8025103032817906, 2.8718181279461987, 2.824307037133193, 2.84276459806286, 2.8532984141164537, 2.8407547166201805, 2.8469373298336422, 2.7981872989491454, 2.818681649282084, 2.817939985166404, 2.8388730158286846, 2.80637890527977, 2.813902741744924, 2.8545809079443134, 2.818461168794171, 2.8190855538633204, 2.829213431326736, 2.8426636522811592, 2.8658478675602357, 2.855455298196721, 2.8301901278889465, 2.8502632580165765, 2.836895176068499, 2.8099020338794687, 2.848830637296551, 2.7978367643590785, 2.811902444965085]}