{"coupling": 1, "field": 0, "number of spins": 10, "T0": 1.8, "T": 2.0, "Length T0": 10, "Length T": 50, "frame_step T0": 1, "frame_step T": 1, "energy_sample": [-5.0956, -5.0772, -5.0868, -5.0824, -5.0884, -5.068, -5.074, -5.0684, -5.0504, -5.01, -4.93, -4.8792, -4.7988, -4.7696, -4.7548, -4.7488, -4.704, -4.6984, -4.6992, -4.6796, -4.6608, -4.6672, -4.694, -4.6908, -4.6632, -4.6512, -4.656, -4.6408, -4.6224, -4.606, -4.612, -4.6112, -4.6176, -4.62, -4.6392, -4.6436, -4.6564, -4.6496, -4.628, -4.6428, -4.6224, -4.606, -4.6004, -4.5816, -4.6068, -4.604, -4.6148, -4.6356, -4.6612, -4.6256, -4.6868, -4.6712, -4.666, -4.6568, -4.6416, -4.6032, -4.632, -4.6656, -4.6584, -4.6708], "std_engy": [2.764861775930248, 2.7738132885973354, 2.753264564112943, 2.75034729443403, 2.7327980971889314, 2.7279618765664546, 2.7443257824099345, 2.752911447903869, 2.7575097171179093, 2.7742927026542423, 2.799839281101664, 2.8082391920916367, 2.843434289727923, 2.8452971444120565, 2.822742807979577, 2.8497190317644727, 2.833016766628829, 2.8253561616193714, 2.8313811753277545, 2.8474100231613746, 2.857996389081116, 2.8198659826311117, 2.8241749237608342, 2.7953524572047463, 2.8179719232099143, 2.8495505891282598, 2.8122702572832825, 2.8288116515597146, 2.8425021090580254, 2.8415425388334965, 2.846446205358655, 2.821211541164632, 2.817546847880123, 2.794208295743122, 2.7933176260496646, 2.7928800618715566, 2.8110387830834, 2.8006463254041862, 2.8192225878776522, 2.8226951943135847, 2.8204641887461315, 2.810402818102805, 2.815016845420157, 2.8505686169604743, 2.8227280705018973, 2.8244617186287253, 2.8503369906030924, 2.8072785112989616, 2.8229797307101787, 2.8355995203835866, 2.8043369555030147, 2.8308109368164014, 2.7996506924972473, 2.808097890031459, 2.8127476673174927, 2.837631011953373, 2.8661779428359195, 2.8546412454106194, 2.8173940867404643, 2.828644085069739]}