{"coupling": 1, "field": 0, "number of spins": 10, "T0": 1.8, "T": 2.0, "Length T0": 10, "Length T": 50, "frame_step T0": 1, "frame_step T": 1, "energy_sample": [-5.0172, -5.0116, -5.0056, -5.0004, -4.998, -4.9996, -5.004, -5.0052, -4.9976, -5.0008, -4.9932, -4.9916, -4.978, -4.9648, -4.9572, -4.9496, -4.942, -4.9416, -4.9268, -4.9128, -4.9068, -4.8936, -4.8948, -4.8916, -4.8844, -4.8892, -4.89, -4.8908, -4.8904, -4.8856, -4.8724, -4.8696, -4.85, -4.8332, -4.8352, -4.8248, -4.82, -4.8148, -4.8096, -4.812, -4.8012, -4.8, -4.7776, -4.7796, -4.7796, -4.7636, -4.7584, -4.7496, -4.736, -4.7348, -4.7396, -4.7428, -4.7516, -4.7516, -4.744, -4.7392, -4.7284, -4.7344, -4.7376, -4.7404], "std_engy": [2.726848760015887, 2.73946444401095, 2.747502254776098, 2.7633312939276125, 2.7525980454836465, 2.749108917449537, 2.7405079821083347, 2.7488130092824417, 2.748671359038788, 2.750418033681479, 2.7537526686323166, 2.750841587587371, 2.7649802892605297, 2.769613864783386, 2.774557290812417, 2.7725547496847844, 2.782631128985508, 2.787362452211782, 2.7871565725663077, 2.7877582678560153, 2.790289189313475, 2.785943114997259, 2.7895757670296892, 2.7888796029947702, 2.7957533224517728, 2.7925120160888652, 2.779622276497188, 2.7885615216450543, 2.789836525676546, 2.7942284516481855, 2.7949451228959754, 2.7872200917761285, 2.7989819577838597, 2.813143750326332, 2.8244718019482042, 2.830354211048402, 2.829487586118544, 2.8230658795004575, 2.8256942226647515, 2.8233058636994137, 2.827521628564673, 2.829558269412369, 2.8312785521739956, 2.830163217908117, 2.8216703988949603, 2.8328280992676222, 2.834789135015208, 2.8343076473806748, 2.8305306922907305, 2.824051869212213, 2.82223171266988, 2.820256754269161, 2.8241631397637432, 2.8258622471734527, 2.824475880583776, 2.823470091925952, 2.8217429790824964, 2.797973666781087, 2.8074091686108638, 2.8152100880751867]}