{"coupling": 1, "field": 0, "number of spins": 10, "T0": 1.8, "T": 2.0, "Length T0": 10, "Length T": 50, "frame_step T0": 1, "frame_step T": 1, "energy_sample": [-5.07, -5.044, -5.0576, -5.0584, -5.0532, -5.0596, -5.0544, -5.044, -5.0356, -5.0352, -5.0044, -4.984, -4.9496, -4.9284, -4.9204, -4.896, -4.8776, -4.8504, -4.8372, -4.8048, -4.7752, -4.7624, -4.7504, -4.738, -4.7196, -4.7344, -4.7292, -4.732, -4.71, -4.7088, -4.7064, -4.7188, -4.6936, -4.6804, -4.7028, -4.684, -4.684, -4.6688, -4.6776, -4.7044, -4.6952, -4.6992, -4.6936, -4.6864, -4.6772, -4.666, -4.666, -4.6492, -4.6552, -4.6604, -4.6648, -4.6608, -4.6688, -4.662, -4.6552, -4.66, -4.6544, -4.668, -4.6588, -4.668], "std_engy": [2.754614310570576, 2.7593593459350823, 2.746030269315866, 2.764306321665748, 2.7546995770863703, 2.7551493317060904, 2.763519610931153, 2.7709319731814546, 2.7706195408247734, 2.7626727927857533, 2.7728650598255133, 2.773255127102477, 2.798974783737728, 2.7917867826896723, 2.808712131920873, 2.8080569794787604, 2.8093092104646313, 2.8136843888397065, 2.8199106652517782, 2.8276309801670334, 2.823449124740683, 2.8308914214430914, 2.836353264316764, 2.83678620978025, 2.8296600219814927, 2.8230226070650684, 2.8328549839341326, 2.8236458701473803, 2.8167889519806977, 2.803997603422552, 2.810302304023362, 2.8065862823010956, 2.8197374062133873, 2.8297448365532376, 2.812342824052684, 2.8260474164456313, 2.820947358601191, 2.8308137628603367, 2.8281545643758044, 2.814217589313286, 2.8096791560600467, 2.8103948761696107, 2.8174667770887685, 2.8277296617604932, 2.833901931965913, 2.85062168657999, 2.841626998745641, 2.834244054417403, 2.8187076755136946, 2.813515921404992, 2.8039331233108085, 2.80145379401493, 2.7995547074489413, 2.797169283400817, 2.7970543362615885, 2.7856058586954853, 2.7857782826348982, 2.785422050605601, 2.7922003080009286, 2.784847572130278]}