{"coupling": 1, "field": 0, "number of spins": 10, "T0": 1.8, "T": 2.0, "Length T0": 10, "Length T": 50, "frame_step T0": 1, "frame_step T": 1, "energy_sample": [-5.1176, -5.0596, -5.076, -5.0796, -5.084, -5.0084, -4.9916, -5.0172, -5.0252, -5.0156, -4.7388, -4.6408, -4.5932, -4.65, -4.6116, -4.632, -4.6492, -4.6524, -4.6108, -4.6712, -4.6088, -4.6724, -4.6624, -4.6092, -4.6196, -4.6436, -4.68, -4.638, -4.626, -4.5708, -4.652, -4.6396, -4.576, -4.6136, -4.5928, -4.5932, -4.64, -4.6672, -4.6324, -4.662, -4.636, -4.6524, -4.6548, -4.6228, -4.5996, -4.6512, -4.7196, -4.6256, -4.6204, -4.6596, -4.6252, -4.6192, -4.6172, -4.6216, -4.5784, -4.6212, -4.588, -4.696, -4.6628, -4.6516], "std_engy": [2.7687849753999663, 2.7347482224147304, 2.7742790054355875, 2.7636323633943167, 2.7688524698870434, 2.7546196543261208, 2.7409358693702073, 2.7618298571780397, 2.791158354518767, 2.789508315097791, 2.7985307859661663, 2.7975302250377982, 2.859390452526439, 2.8543125266865834, 2.828488189828718, 2.840383072756059, 2.8443873435241533, 2.8119698149163534, 2.8252651840138108, 2.8126660946510116, 2.8086584982869085, 2.8180628523863556, 2.8732605590165745, 2.847046778681413, 2.821080615650498, 2.807735571594955, 2.8461904363553905, 2.814135035850422, 2.7991648754583283, 2.8594732661802267, 2.8386785658120988, 2.8092190801002737, 2.826910681291663, 2.860121507908438, 2.8834333978780915, 2.8205165767992484, 2.773012801989915, 2.823835009344588, 2.8165351480142915, 2.8256248866403046, 2.8597034811321396, 2.819924509627997, 2.8436661126088083, 2.823777639971081, 2.8236996724156485, 2.836606874419015, 2.8052407811095788, 2.8055346442344327, 2.858094442106621, 2.818816744664382, 2.7953398648465373, 2.8432009003937178, 2.840821036250018, 2.8246085463299373, 2.8150760984385377, 2.832615498086445, 2.847570192286843, 2.8287778279675266, 2.8254373395988726, 2.830868672333554]}