{"coupling": 1, "field": 0, "number of spins": 10, "T0": 1.8, "T": 2.0, "Length T0": 10, "Length T": 50, "frame_step T0": 1, "frame_step T": 1, "energy_sample": [-5.082, -5.0864, -5.072, -5.098, -5.05, -5.0192, -5.0156, -5.0336, -5.0868, -5.0608, -4.7396, -4.6612, -4.598, -4.6484, -4.612, -4.6344, -4.644, -4.6404, -4.608, -4.6596, -4.616, -4.6808, -4.6632, -4.6148, -4.6168, -4.6376, -4.6892, -4.6452, -4.6356, -4.5788, -4.6584, -4.6424, -4.58, -4.6072, -4.5896, -4.6004, -4.6408, -4.6644, -4.6256, -4.6576, -4.6368, -4.6568, -4.6624, -4.6272, -4.5992, -4.6548, -4.7204, -4.622, -4.6232, -4.658, -4.6264, -4.618, -4.6168, -4.624, -4.5824, -4.6244, -4.59, -4.6944, -4.6616, -4.6508], "std_engy": [2.7545736512208574, 2.7748396422134873, 2.7924927931867205, 2.7621723335086052, 2.76056153707884, 2.7471496792128516, 2.7227479942146147, 2.7557342106960547, 2.7999403136495817, 2.7916130390870038, 2.82336533944858, 2.797358496868167, 2.855029947303266, 2.8714417006096062, 2.835181828384332, 2.8223282303800987, 2.8382501651547094, 2.830033187084435, 2.8292642153038523, 2.786849088128096, 2.8082279109789527, 2.823421923836335, 2.8669436269308624, 2.8357046672741344, 2.8211270371962427, 2.817066956960421, 2.846788253453337, 2.801092101306145, 2.795283999882825, 2.8729410992916584, 2.832121014363627, 2.8051599312695776, 2.8226937488859707, 2.860927849491985, 2.8718586037615927, 2.813879855288661, 2.7728280437127792, 2.8165533263192417, 2.8140761610161924, 2.825519817661782, 2.8561662696699512, 2.8126524420907693, 2.839652485780642, 2.822803599260849, 2.822651122615132, 2.8369062303854387, 2.809025425303008, 2.806905057175901, 2.853562993872864, 2.820325513127795, 2.7950712048173525, 2.8423363629240677, 2.8420340884654522, 2.822945978937724, 2.815388115340273, 2.8285198673512113, 2.847156476205922, 2.829736496566475, 2.826284741493782, 2.832747669666282]}