{"coupling": 1, "temperature": 1.8, "field": 0, "number of spins": 10, "energy_level": [-10.0, -6.0, -2.0, 2.0, 6.0, 10.0], "magnetization_level": [-1.0, -0.8, -0.6, -0.4, -0.2, 0.0, 0.2, 0.4, 0.6, 0.8, 1.0], "energy_probs": [0.11606048279020197, 0.5659760292368872, 0.2862239495704392, 0.031017523613711764, 0.0007202802255549523, 1.73456320464914e-06], "magnetization_probs": [0.05803024139510098, 0.06288622547076525, 0.08673822126830169, 0.10746792345865061, 0.12158284754727822, 0.12658908171980493, 0.12158284754727822, 0.10746792345865064, 0.08673822126830168, 0.06288622547076525, 0.05803024139510098]}