{"coupling": 1, "temperature": 5, "field": 0, "number of spins": 3, "energy_level": [-3.0, 1.0], "magnetization_level": [-1.0, -0.3333333333333333, 0.3333333333333333, 1.0], "energy_probs": [0.42589675575166164, 0.5741032442483384], "magnetization_probs": [0.21294837787583082, 0.2870516221241692, 0.2870516221241692, 0.21294837787583082]}