{"coupling": 1, "temperature": 0.5, "field": 0, "number of spins": 10, "energy_level": [-10.0, -6.0, -2.0, 2.0, 6.0, 10.0], "magnetization_level": [-1.0, -0.8, -0.6, -0.4, -0.2, 0.0, 0.2, 0.4, 0.6, 0.8, 1.0], "energy_probs": [0.9851057346571354, 0.014870977132946248, 2.328039965298266e-05, 7.809704046210356e-09, 5.613993948176995e-13, 4.185078139742788e-18], "magnetization_probs": [0.4925528673285677, 0.0016523307925495852, 0.0016542708258540004, 0.0016556574936552539, 0.0016564898663826186, 0.0016567673859817725, 0.0016564898663826164, 0.0016556574936552532, 0.0016542708258539993, 0.0016523307925495852, 0.4925528673285677]}