{"coupling": 1, "temperature": 0.1, "field": 0, "number of spins": 10, "energy_level": [-10.0, -6.0, -2.0, 2.0, 6.0, 10.0], "magnetization_level": [-1.0, -0.8, -0.6, -0.4, -0.2, 0.0, 0.2, 0.4, 0.6, 0.8, 1.0], "energy_probs": [0.9999999999999998, 1.9117594148812178e-16, 3.79018791447537e-33, 1.6102060954816078e-50, 1.4658698394933817e-68, 1.3838965267367373e-87], "magnetization_probs": [0.4999999999999999, 2.124177127645794e-17, 2.124177127645794e-17, 2.124177127645794e-17, 2.124177127645794e-17, 2.124177127645794e-17, 2.124177127645794e-17, 2.124177127645794e-17, 2.124177127645794e-17, 2.124177127645794e-17, 0.4999999999999999]}