{"coupling": 1, "temperature": 3.0, "field": 0, "number of spins": 3, "energy_level": [-3.0, 1.0], "magnetization_level": [-1.0, -0.3333333333333333, 0.3333333333333333, 1.0], "energy_probs": [0.5584123265213121, 0.44158767347868794], "magnetization_probs": [0.27920616326065606, 0.22079383673934397, 0.22079383673934397, 0.27920616326065606]}