{"coupling": 1, "temperature": 1, "field": 0, "number of spins": 3, "energy_level": [-3.0, 1.0], "magnetization_level": [-1.0, -0.3333333333333333, 0.3333333333333333, 1.0], "energy_probs": [0.9479149938275155, 0.05208500617248439], "magnetization_probs": [0.47395749691375777, 0.026042503086242196, 0.026042503086242196, 0.47395749691375777]}