{"coupling": -1, "temperature": 0.5, "field": 0, "number of spins": 4, "energy_level": [-4.0, 0.0, 4.0], "magnetization_level": [-1.0, -0.5, 0.0, 0.5, 1.0], "energy_probs": [0.997991155277454, 0.0020087324134370308, 1.1230910902742354e-07], "magnetization_probs": [5.615455451371177e-08, 0.0006695774711456769, 0.9986607327485997, 0.0006695774711456769, 5.615455451371177e-08]}