{"coupling": 1, "temperature": 3.5, "field": 0, "number of spins": 4, "energy_level": [-4.0, 0.0, 4.0], "magnetization_level": [-1.0, -0.5, 0.0, 0.5, 1.0], "energy_probs": [0.33165947711096566, 0.6346102922959573, 0.03373023059307706], "magnetization_probs": [0.16582973855548283, 0.21153676409865244, 0.24526699469172947, 0.21153676409865244, 0.16582973855548283]}