{"coupling": 1, "temperature": 3, "field": 0, "number of spins": 4, "energy_level": [-4.0, 0.0, 4.0], "magnetization_level": [-1.0, -0.5, 0.0, 0.5, 1.0], "energy_probs": [0.37720671398349453, 0.5965836617045199, 0.026209624311985393], "magnetization_probs": [0.18860335699174727, 0.19886122056817332, 0.2250708448801587, 0.19886122056817332, 0.18860335699174727]}